{
  "manifest": {
    "apis": {
      "custom": {
        "dialogManagement": {
          "dialogManagers": [
            {
              "type": "AMAZON.Conversations"
            }
          ]
        },
        "endpoint": {
          "uri": "arn:aws:lambda:us-east-1:011342416604:function:87ea0bd5-1b71-4458-9d29-3845f2fcb192:Release_0"
        },
        "interfaces": [],
        "regions": {
          "NA": {
            "endpoint": {
              "uri": "arn:aws:lambda:us-east-1:011342416604:function:87ea0bd5-1b71-4458-9d29-3845f2fcb192:Release_0"
            }
          },
          "EU": {
            "endpoint": {
              "uri": "arn:aws:lambda:eu-west-1:011342416604:function:87ea0bd5-1b71-4458-9d29-3845f2fcb192:Release_0"
            }
          },
          "FE": {
            "endpoint": {
              "uri": "arn:aws:lambda:us-west-2:011342416604:function:87ea0bd5-1b71-4458-9d29-3845f2fcb192:Release_0"
            }
          }
        }
      }
    },
    "manifestVersion": "1.0",
    "permissions": [
      {
        "name": "alexa:devices:all:address:country_and_postal_code:read"
      },
      {
        "name": "alexa::profile:given_name:read"
      },
      {
        "name": "alexa::profile:email:read"
      },
      {
        "name": "alexa::profile:mobile_number:read"
      },
      {
        "name": "alexa::household:lists:read"
      },
      {
        "name": "alexa::household:lists:write"
      },
      {
        "name": "alexa::alerts:reminders:skill:readwrite"
      },
      {
        "name": "alexa::devices:all:geolocation:read"
      },
      {
        "name": "alexa::person_id:read"
      },
      {
        "name": "alexa::authenticate:2:mandatory"
      },
      {
        "name": "alexa::alerts:timers:skill:readwrite"
      }
    ],
    "publishingInformation": {
      "automaticClonedLocale": {
        "locales": [
          {
            "source": "en-US"
          },
          {
            "source": "es-ES"
          }
        ]
      },
      "distributionCountries": [],
      "isAvailableWorldwide": true,
      "locales": {
        "en-US": {
          "description": "Sample Full Description",
          "examplePhrases": [
            "Alexa open hello world",
            "hello",
            "help"
          ],
          "keywords": [],
          "name": "Youtube-alexa",
          "summary": "Sample Short Description"
        },
        "en-CA": {
          "description": "Sample Full Description",
          "examplePhrases": [
            "Alexa open hello world",
            "hello",
            "help"
          ],
          "keywords": [],
          "name": "Youtube-alexa",
          "summary": "Sample Short Description"
        },
        "en-IN": {
          "description": "Sample Full Description",
          "examplePhrases": [
            "Alexa open hello world",
            "hello",
            "help"
          ],
          "keywords": [],
          "name": "Youtube-alexa",
          "summary": "Sample Short Description"
        },
        "en-AU": {
          "description": "Sample Full Description",
          "examplePhrases": [
            "Alexa open hello world",
            "hello",
            "help"
          ],
          "keywords": [],
          "name": "Youtube-alexa",
          "summary": "Sample Short Description"
        },
        "es-ES": {
          "name": "Youtube-alexa"
        },
        "es-US": {
          "name": "Youtube-alexa"
        },
        "en-GB": {
          "description": "Sample Full Description",
          "examplePhrases": [
            "Alexa open hello world",
            "hello",
            "help"
          ],
          "keywords": [],
          "name": "Youtube-alexa",
          "summary": "Sample Short Description"
        },
        "es-MX": {
          "name": "Youtube-alexa"
        }
      },
      "testingInstructions": "Sample Testing Instructions."
    }
  }
}